Job ID,Job URL,Job Title,Company Name,Status,Timestamp,WP ID
bd02fc48378519f6,https://ag.linkedin.com/jobs/view/general-manager-at-secureworld-corporation-4436771894,General Manager,,scraped,2026-07-06T23:49:53.997551,
02e2f856573845e3,https://ag.linkedin.com/jobs/view/social-media-coordinator-at-brydens-antigua-4437435330,Social Media Coordinator,Brydens Antigua,posted,2026-07-06T23:50:16.064889,19
fc6bcd5a017621a1,https://ag.linkedin.com/jobs/view/brand-manager-at-brydens-antigua-4436110328,Brand Manager,Brydens Antigua,posted,2026-07-06T23:50:29.184943,21
0ce444d9865a7ba7,https://ag.linkedin.com/jobs/view/remote-customer-support-associate-work-from-home-flexible-schedule-at-sight-sea-travel-4435796581,Remote Customer Support Associate (Work From Home | Flexible Schedule),Sight Sea Travel,posted,2026-07-06T23:50:38.814088,23
9793de15c6f59691,https://ag.linkedin.com/jobs/view/associate-attorney-at-cunningham-law-caribbean-4435888480,Associate Attorney,,scraped,2026-07-06T23:50:41.283776,
a8caf0bc3ef80230,https://ag.linkedin.com/jobs/view/brand-manager-brewery-wines-spirits-at-anjo-wholesale-4436751646,"Brand Manager - Brewery, Wines & Spirits",Anjo Wholesale,posted,2026-07-06T23:50:57.734318,25
c06a95ad02ee7841,https://ag.linkedin.com/jobs/view/food-beverage-supervisor-at-jumby-bay-island-4429890044,Food & Beverage Supervisor,Jumby Bay Island,posted,2026-07-06T23:51:11.317427,27
a187024e57e7f84d,https://ag.linkedin.com/jobs/view/service-support-administrator-at-lyreco-group-4435103049,Service Support Administrator,,scraped,2026-07-06T23:51:13.806479,
67a20ef9b793d1b1,https://ag.linkedin.com/jobs/view/independent-travel-agent-at-luxe-sola-travel-4437102998,Independent Travel Agent,Luxe Sola Travel,posted,2026-07-06T23:51:27.116865,29
0d655e2236efdf87,https://ag.linkedin.com/jobs/view/restaurant-manager-at-jumby-bay-island-4433119923,Restaurant Manager,Jumby Bay Island,posted,2026-07-06T23:51:38.989611,31
a3ffa195264c613f,https://ag.linkedin.com/jobs/view/client-services-representative-remote-at-aspire-talent-agency-4436882725,Client Services Representative (Remote),Aspire Talent Agency,posted,2026-07-08T09:17:31.993397,48
a2560fec876b7fea,https://ag.linkedin.com/jobs/view/reservations-agent-at-jumby-bay-island-4435614206,Reservations Agent,Jumby Bay Island,posted,2026-07-09T10:34:24.730530,50
7b9fc43f6963e9c9,https://ag.linkedin.com/jobs/view/deputy-chief-executive-officer-deputy-ceo-at-thehivecareers-4437930832,Deputy Chief Executive Officer (Deputy CEO),TheHiveCareers,posted,2026-07-10T11:24:56.629827,52
0891f490517098ec,https://ag.linkedin.com/jobs/view/bdr-sales-executive-a-b-remote-at-core-code-io-4438382712,BDR - Sales Executive A&B (Remote),Core Code io,posted,2026-07-11T15:36:19.058327,54
a295bac571f8247e,https://ag.linkedin.com/jobs/view/hotel-manager-at-royalton-hotels-resorts-4439559986,Hotel Manager,Royalton Hotels &amp; Resorts,posted,2026-07-11T18:39:21.481375,56
27a55a1f99e234d9,https://ag.linkedin.com/jobs/view/procurement-manager-at-confidential-4439726311,Procurement Manager,Confidential,posted,2026-07-13T20:04:32.133970,58
110472a749210c0e,https://ag.linkedin.com/jobs/view/technical-engineering-manager-at-confidential-4439706980,Technical Engineering Manager,Confidential,posted,2026-07-13T20:04:53.036902,60
709773add7a29bca,https://ag.linkedin.com/jobs/view/merchandiser-at-brydens-antigua-4441630571,Merchandiser,Brydens Antigua,posted,2026-07-20T20:46:38.696733,62
561b7a085f829f8f,https://ag.linkedin.com/jobs/view/superintendent-at-discovery-land-company-4432047757,Superintendent,Discovery Land Company,posted,2026-07-20T20:46:48.992921,64
8d03f6f293ca39f2,https://ag.linkedin.com/jobs/view/project-manager-at-discovery-land-company-4432045758,Project Manager,Discovery Land Company,posted,2026-07-20T20:46:58.263857,66
da4f9ca49db50a57,https://ag.linkedin.com/jobs/view/vip-host-at-yellow-social-interactive-4440559349,VIP Host,,scraped,2026-07-20T20:47:00.754189,
d29b89d97f289e85,https://ag.linkedin.com/jobs/view/sales-associate-at-brydens-antigua-4441638533,Sales Associate,Brydens Antigua,posted,2026-07-20T20:47:18.399522,68
9f881f03f5f03454,https://ag.linkedin.com/jobs/view/mystic-coach-at-lifttalk-com-4442722968,Mystic Coach,,scraped,2026-07-20T20:47:20.936722,
560fb04aa2fdbb3a,https://ag.linkedin.com/jobs/view/relief-multi-drop-delivery-driver-at-lyreco-group-4442122823,Relief Multi-Drop Delivery Driver,,scraped,2026-07-20T20:47:27.872663,
7158db3a5b271802,https://ag.linkedin.com/jobs/view/relationship-coach-at-lifttalk-com-4442738335,Relationship Coach,,scraped,2026-07-20T20:47:34.199390,
4c97d343f1f576ad,https://ag.linkedin.com/jobs/view/computational-linguist-freelance-at-telus-digital-ai-data-solutions-4442751116,Computational Linguist - Freelance,TELUS Digital AI Data Solutions,posted,2026-07-20T20:47:46.350583,70
048497fd8547e3d5,https://ag.linkedin.com/jobs/view/dynamics-365-sales-functional-consultant-at-live-d365-4442725904,Dynamics 365 Sales Functional Consultant,,scraped,2026-07-20T20:47:49.136485,
20d21c32d80f3e30,https://ag.linkedin.com/jobs/view/quantity-surveyor-at-ucc-holding-4443335186,Quantity Surveyor,,scraped,2026-07-27T20:49:59.463907,
74e3f2552c6e2ee2,https://ag.linkedin.com/jobs/view/project-manager-antigua-at-global-ports-holding-4445943144,Project Manager - Antigua,,scraped,2026-07-27T20:50:06.561449,
70bd6bf7a316a2a0,https://ag.linkedin.com/jobs/view/general-manager-at-mum-4444936882,General Manager,,scraped,2026-07-27T20:50:14.294339,
d43210a2db8ef5cd,https://ag.linkedin.com/jobs/view/boots-on-the-ground-at-mappa-4445132890,Boots on the ground,Mappa,posted,2026-07-27T20:50:31.184156,72
5ee6ae41bd78bd37,https://ag.linkedin.com/jobs/view/prn-speech-and-language-pathologist-at-riverside-health-4441285920,PRN Speech and Language Pathologist,Riverside Health,posted,2026-07-27T20:50:43.144588,74
2d593a4a1f22355f,https://ag.linkedin.com/jobs/view/face-deduplication-collection-4447585189,Face Deduplication Collection,TELUS International AI Data Solutions,posted,2026-08-03T20:40:38.324733,76
f3342f3fa561e5ed,https://ag.linkedin.com/jobs/view/remote-freelance-face-deduplication-collection-at-telus-digital-ai-data-solutions-4447031228,Remote Freelance | Face Deduplication Collection,TELUS Digital AI Data Solutions,posted,2026-08-03T20:40:46.375186,78
4583b2b32526c4f3,https://ag.linkedin.com/jobs/view/wholesale-at-mercanti-4451047609,Wholesale,,scraped,2026-08-10T18:36:23.392721,
ffbf8d4b9740e4b9,https://ag.linkedin.com/jobs/view/nationwide-delivery-at-mercanti-4451038876,Nationwide Delivery,,scraped,2026-08-10T18:36:30.381829,
6288915d04ac72a2,https://ag.linkedin.com/jobs/view/procurement-manager-luxury-resort-villa-at-ucc-holding-4439726311,Procurement Manager - Luxury Resort & Villa,,scraped,2026-08-10T18:36:40.936300,
2f2643530b9b8aba,https://ag.linkedin.com/jobs/view/human-resources-business-partner-at-fontaine-modification-company-4449687709,Human Resources Business Partner,Fontaine Modification Company,posted,2026-08-10T18:37:00.224936,80
684b876ab994cfdd,https://ag.linkedin.com/jobs/view/teaching-assistant-apprentice-at-catalyst-academies-trust-4449467700,Teaching Assistant Apprentice,Catalyst Academies Trust,posted,2026-08-10T18:37:11.171504,82
d5afccf433709c5a,https://ag.linkedin.com/jobs/view/technical-engineering-manager-luxury-resort-villa-at-ucc-holding-4439706980,Technical Engineering Manager - Luxury Resort & Villa,,scraped,2026-08-10T18:37:13.687039,
226da8ea8b8f6d25,https://ag.linkedin.com/jobs/view/face-deduplication-collection-wfh-at-telus-digital-ai-data-solutions-4448843447,Face Deduplication Collection (WFH),TELUS Digital AI Data Solutions,posted,2026-08-10T18:38:30.391164,84
430575944cd2f9e5,https://ag.linkedin.com/jobs/view/vice-president-of-construction-at-discovery-land-company-4196837564,Vice President of Construction,Discovery Land Company,posted,2026-08-10T18:38:40.484681,86
dd4920d66b27b880,https://ag.linkedin.com/jobs/view/service-delivery-administrator-at-cma-cgm-4452466291,Service Delivery Administrator,CMA CGM,posted,2026-08-17T15:57:40.707488,88
eb50648086476b4a,https://ag.linkedin.com/jobs/view/architectural-technician-at-fragments-architecture-4454022545,Architectural Technician,FRagments Architecture,posted,2026-08-17T15:57:49.835525,90
00963994d611dd09,https://ag.linkedin.com/jobs/view/assistant-retail-lead-at-digicel-group-4449831975,Assistant Retail Lead,,scraped,2026-08-17T15:57:52.409798,
538352b746aa4a43,https://ag.linkedin.com/jobs/view/head-of-digicel-business-sales-north-west-indies-region-at-digicel-group-4451270739,Head of Digicel Business Sales-North west Indies Region,,scraped,2026-08-17T15:57:59.182485,
9aa882e0c2df9a48,https://ag.linkedin.com/jobs/view/social-media-marketing-executive-at-yellow-social-interactive-4454391447,Social Media Marketing Executive,,scraped,2026-08-17T15:58:05.446278,
ddbd4d4572d9d0a7,https://ag.linkedin.com/jobs/view/ports-and-shipping-specialist-at-ntu-international-a-s-4455313284,Ports and Shipping Specialist,,scraped,2026-08-17T15:58:12.018507,
d7676e1d31da9b51,https://ag.linkedin.com/jobs/view/freelance-at-firstsource-4452397018,Freelance,,scraped,2026-08-17T15:58:19.573576,
5ea294b4d9ea89bb,https://ag.linkedin.com/jobs/view/face-deduplication-collection-part-time-at-telus-digital-ai-data-solutions-4455283389,Face Deduplication Collection (Part-time),TELUS Digital AI Data Solutions,posted,2026-08-17T15:58:31.766334,92
e4b9339d4a3bad33,https://ag.linkedin.com/jobs/view/business-sales-executive-at-digicel-group-4449859032,Business Sales Executive,,scraped,2026-08-17T15:58:34.399932,
d174d06a0f1747e5,https://ag.linkedin.com/jobs/view/service-delivery-agent-at-digicel-group-4452867397,Service Delivery Agent,,scraped,2026-08-24T16:15:07.545152,
efc745a3de9ab3d4,https://ag.linkedin.com/jobs/view/receptionist-at-digicel-group-4452883280,Receptionist,,scraped,2026-08-24T16:15:14.506492,
396b22853eca8ee6,https://ag.linkedin.com/jobs/view/site-superintendent-4456302222,Site Superintendent,Keen Construction,posted,2026-08-24T16:15:32.328575,94
e6474a099e5dedd8,https://ag.linkedin.com/jobs/view/director-of-sales-and-marketing-at-curtain-bluff-resort-4457004303,Director of Sales and Marketing,Curtain Bluff Resort,posted,2026-08-24T16:16:09.153437,96
bcd253033d416067,https://ag.linkedin.com/jobs/view/railways-specialist-at-ntu-international-a-s-4456477752,Railways Specialist,,scraped,2026-08-24T16:16:11.835769,
98733aa70630e24f,https://ag.linkedin.com/jobs/view/aviation-specialist-at-ntu-international-a-s-4458230231,Aviation Specialist,,scraped,2026-08-24T16:16:19.374437,
6e1308ae8f01ef02,https://ag.linkedin.com/jobs/view/butler-at-smyth-co-4458490340,Butler,Smyth & Co,posted,2026-08-31T21:05:24.106561,98
ad33ba76e6812b22,https://ag.linkedin.com/jobs/view/disaster-risk-management-specialist-drms-antigua-barbuda-and-saint-kitts-nevis-at-amentum-4461204891,Disaster Risk Management Specialist (DRMS): Antigua & Barbuda and Saint Kitts & Nevis,Amentum,posted,2026-08-31T21:05:34.736714,100
df60d51c56d1144a,https://ag.linkedin.com/jobs/view/client-booking-specialist-at-alegria-travel-services-4457464532,Client Booking Specialist,Alegria Travel Services,posted,2026-08-31T21:05:46.032544,102
6aaf86266f295b1e,https://ag.linkedin.com/jobs/view/case-processing-specialist-at-clientreferrals-4459751395,Case Processing Specialist,,scraped,2026-08-31T21:05:48.552219,
059be3eb998b0275,https://ag.linkedin.com/jobs/view/guest-experience-specialist-at-alegria-travel-services-4457461521,Guest Experience Specialist,Alegria Travel Services,posted,2026-08-31T21:06:06.994631,104
d158df331cba8545,https://ag.linkedin.com/jobs/view/hotel-operations-manager-at-thatcher-associates-4457701592,Hotel Operations Manager,,scraped,2026-08-31T21:06:09.496941,
f6417f56921476a2,https://ag.linkedin.com/jobs/view/philosophy-logic-reviewer-at-telus-digital-ai-data-solutions-4460336377,Philosophy & Logic Reviewer,TELUS Digital AI Data Solutions,posted,2026-08-31T21:06:21.947948,106
a43b20bd17527f13,https://ag.linkedin.com/jobs/view/e-commerce-product-search-relevancy-expert-at-telus-digital-ai-data-solutions-4460341437,E-commerce Product & Search Relevancy Expert,TELUS Digital AI Data Solutions,posted,2026-08-31T21:06:30.863426,108
ba00fd2d6088b4de,https://ag.linkedin.com/jobs/view/administrator-at-ucc-holding-4461575286,Administrator,,scraped,2026-09-07T19:23:01.006661,
c60de68184304857,https://ag.linkedin.com/jobs/view/site-foreman-at-ucc-holding-4461575313,Site Foreman,,scraped,2026-09-07T19:23:08.004339,
e390f603883064f0,https://ag.linkedin.com/jobs/view/urban-development-experts-at-ntu-international-a-s-4463321713,Urban Development Experts,,scraped,2026-09-07T19:23:15.056093,
9f1937ccb8ac214a,https://ag.linkedin.com/jobs/view/chief-financial-officer-cfo-at-thehivecareers-4462685872,Chief Financial Officer (CFO),TheHiveCareers,posted,2026-09-07T19:23:32.852840,110
7da7426dc06fa48c,https://ag.linkedin.com/jobs/view/group-chief-financial-officer-group-cfo-at-thehivecareers-4462910382,Group Chief Financial Officer (Group CFO),TheHiveCareers,posted,2026-09-07T19:23:42.872719,112
eb4bbf9ef09f8f21,https://ag.linkedin.com/jobs/view/face-deduplication-collection-remote-at-telus-digital-ai-data-solutions-4462161432,Face Deduplication Collection - Remote,TELUS Digital AI Data Solutions,posted,2026-09-07T19:23:51.797802,114
9f0748d4c2b338b2,https://ag.linkedin.com/jobs/view/part-time-creative-production-assistant-4463132495,Part Time Creative Production Assistant,Silver Tree Agency,posted,2026-09-07T19:24:00.018123,116
e181caa99355250f,https://ag.linkedin.com/jobs/view/junior-creative-associate-at-silver-tree-trade-systems-4463740511,Junior Creative Associate,Silver Tree Trade Systems,posted,2026-09-07T19:24:10.895700,118
3c6af296519f8f69,https://ag.linkedin.com/jobs/view/mep-project-manager-antigua-at-ucc-holding-4464338355,MEP Project Manager - Antigua,,scraped,2026-09-07T19:24:13.475803,
443f776d6fe0bb18,https://ag.linkedin.com/jobs/view/civil-qa-qc-manager-%E2%80%93-antigua-at-ucc-holding-4464342633,Civil QA/QC Manager – Antigua,,scraped,2026-09-07T19:24:20.150014,
987170235644bda0,https://ag.linkedin.com/jobs/view/director-of-sales-and-marketing-at-relais-ch%C3%A2teaux-4463908364,Director of Sales and Marketing,,scraped,2026-09-14T19:56:04.999491,
f136fb404d0d2663,https://ag.linkedin.com/jobs/view/finance-director-at-thehivecareers-4462997176,Finance Director,TheHiveCareers,posted,2026-09-14T19:56:23.678632,120
00cb9923d9bdea1a,https://ag.linkedin.com/jobs/view/booking-support-coordinator-%E2%80%93-remote-at-aspire-talent-agency-4465716462,Booking Support Coordinator – Remote,Aspire Talent Agency,posted,2026-09-14T19:56:35.059130,122
0a9e2520034c7203,https://ag.linkedin.com/jobs/view/vacation-booking-agent-%E2%80%93-remote-at-career-advancement-network-4465427181,Vacation Booking Agent – Remote,Career Advancement Network,posted,2026-09-14T19:56:47.451218,124
8a82997529581d98,https://ag.linkedin.com/jobs/view/group-finance-director-%E2%80%93-insurance-investments-at-thehivecareers-4462996232,Group Finance Director – Insurance & Investments,TheHiveCareers,posted,2026-09-14T19:56:58.283088,126
1dde40faa4cd396c,https://ag.linkedin.com/jobs/view/senior-architect-antigua-at-ucc-holding-4464458531,Senior Architect - Antigua,,scraped,2026-09-14T19:57:02.873342,
d026d8562abff396,https://ag.linkedin.com/jobs/view/sr-accountant-accounts-receivable-at-jumby-bay-island-4463073617,Sr. Accountant - Accounts Receivable,Jumby Bay Island,posted,2026-09-14T19:57:20.965472,128
d7098fe906558ccb,https://ag.linkedin.com/jobs/view/face-deduplication-collection-4466486916,Face Deduplication Collection,TELUS International AI Data Solutions,posted,2026-09-14T19:57:25.567434,76
c5a02a546c877472,https://ag.linkedin.com/jobs/view/booking-services-coordinator-at-the-new-hiring-platform-4466164066,Booking Services Coordinator,The New Hiring Platform,posted,2026-09-21T20:07:33.069318,130
4d39dcdb60983e0f,https://ag.linkedin.com/jobs/view/cook-2-pastry-at-jumby-bay-island-4465260035,Cook 2 - Pastry,Jumby Bay Island,posted,2026-09-21T20:07:45.034218,132
a93deccbc6a9647a,https://ag.linkedin.com/jobs/view/reservations-support-specialist-at-the-new-hiring-platform-4466168003,Reservations Support Specialist,The New Hiring Platform,posted,2026-09-21T20:07:54.357898,134
fada4bf1cad0003f,https://ag.linkedin.com/jobs/view/beach-sports-attendant-at-jumby-bay-island-4465255882,Beach & Sports Attendant,Jumby Bay Island,posted,2026-09-21T20:08:08.669138,136
0e0ca1167e356458,https://ag.linkedin.com/jobs/view/cost-control-manager-at-ucc-holding-4468385710,Cost Control Manager,,scraped,2026-09-21T20:08:11.563100,
747946390d55655a,https://ag.linkedin.com/jobs/view/job-coach-autism-support-specialist-2-x-positions-available-4467780382,JOB COACH & AUTISM SUPPORT SPECIALIST (2 X POSITIONS AVAILABLE),"The Blue Dragonfly Foundation, Inc.",posted,2026-09-21T20:08:22.777735,138
32c2ee2f0cb4252b,https://ag.linkedin.com/jobs/view/operations-manager-%E2%80%93-retail-duty-free-operations-at-bma-group-global-4469838085,Operations Manager – Retail & Duty-Free Operations,BMA Group Global,posted,2026-09-21T20:08:31.616678,140
14af8b1a3d8ff305,https://ag.linkedin.com/jobs/view/accounting-logistics-supervisor-at-bma-group-global-4468821271,Accounting & Logistics Supervisor,BMA Group Global,posted,2026-09-21T20:08:45.125660,142
c828b9b419f80dc9,https://ag.linkedin.com/jobs/view/security-officer-at-ucc-holding-4469599025,Security Officer,,scraped,2026-09-21T20:08:48.053865,
924cac8029c6ed9d,https://ag.linkedin.com/jobs/view/senior-project-engineer-at-ucc-holding-4467980367,Senior Project Engineer,,scraped,2026-09-21T20:08:54.778294,
10e798dad38848d5,https://ag.linkedin.com/jobs/view/butler-at-jumby-bay-island-4466921050,Butler,Jumby Bay Island,posted,2026-09-21T20:09:06.495239,98
6410cbf4a1b7e9e7,https://ag.linkedin.com/jobs/view/luxury-travel-specialist-at-elite-escapes-4468090477,Luxury Travel Specialist,Elite Escapes,posted,2026-09-21T20:09:15.386019,144
01d10d01b2535c6e,https://ag.linkedin.com/jobs/view/reservations-support-specialist-at-the-new-hiring-platform-4466159773,Reservations Support Specialist,The New Hiring Platform,scraped,2026-09-21T20:09:19.833070,
